Width,Height,Roi.X1,Roi.Y1,Roi.X2,Roi.Y2,ClassId,Path
28,33,6,6,23,28,No entry,train/17/00017_00000_00000.jpg
28,33,6,6,22,28,No entry,train/17/00017_00000_00001.jpg
28,33,6,6,22,28,No entry,train/17/00017_00000_00002.jpg
26,33,5,6,21,28,No entry,train/17/00017_00000_00003.jpg
27,33,6,6,22,28,No entry,train/17/00017_00000_00004.jpg
26,33,5,6,21,28,No entry,train/17/00017_00000_00005.jpg
26,33,5,5,21,28,No entry,train/17/00017_00000_00006.jpg
25,32,5,5,20,27,No entry,train/17/00017_00000_00007.jpg
26,33,6,6,21,28,No entry,train/17/00017_00000_00008.jpg
25,31,5,5,20,25,No entry,train/17/00017_00000_00009.jpg
27,32,6,6,22,27,No entry,train/17/00017_00000_00010.jpg
27,32,6,6,22,27,No entry,train/17/00017_00000_00011.jpg
27,32,5,6,21,27,No entry,train/17/00017_00000_00012.jpg
27,32,5,6,22,27,No entry,train/17/00017_00000_00013.jpg
28,31,6,6,23,26,No entry,train/17/00017_00000_00014.jpg
27,31,5,6,22,26,No entry,train/17/00017_00000_00015.jpg
28,31,5,5,22,26,No entry,train/17/00017_00000_00016.jpg
28,32,5,6,23,27,No entry,train/17/00017_00000_00017.jpg
28,34,5,6,23,28,No entry,train/17/00017_00000_00018.jpg
30,34,6,6,25,29,No entry,train/17/00017_00000_00019.jpg
30,33,6,5,25,28,No entry,train/17/00017_00000_00020.jpg
30,33,6,5,25,28,No entry,train/17/00017_00000_00021.jpg
30,33,6,5,25,28,No entry,train/17/00017_00000_00022.jpg
30,33,6,5,25,28,No entry,train/17/00017_00000_00023.jpg
30,35,5,6,25,30,No entry,train/17/00017_00000_00024.jpg
30,35,5,6,25,30,No entry,train/17/00017_00000_00025.jpg
31,34,6,5,26,29,No entry,train/17/00017_00000_00026.jpg
30,36,6,5,25,31,No entry,train/17/00017_00000_00027.jpg
31,37,6,5,25,32,No entry,train/17/00017_00000_00028.jpg
31,36,6,6,26,31,No entry,train/17/00017_00000_00029.jpg
29,29,6,6,24,24,No entry,train/17/00017_00001_00000.jpg
30,30,6,6,25,25,No entry,train/17/00017_00001_00001.jpg
29,30,5,6,24,25,No entry,train/17/00017_00001_00002.jpg
29,29,5,5,24,24,No entry,train/17/00017_00001_00003.jpg
30,30,6,6,25,25,No entry,train/17/00017_00001_00004.jpg
29,29,5,5,23,23,No entry,train/17/00017_00001_00005.jpg
29,30,5,6,23,24,No entry,train/17/00017_00001_00006.jpg
30,31,5,6,24,25,No entry,train/17/00017_00001_00007.jpg
31,30,6,5,26,25,No entry,train/17/00017_00001_00008.jpg
32,32,6,6,27,27,No entry,train/17/00017_00001_00009.jpg
32,33,5,6,27,28,No entry,train/17/00017_00001_00010.jpg
32,32,5,5,27,27,No entry,train/17/00017_00001_00011.jpg
33,33,6,6,28,28,No entry,train/17/00017_00001_00012.jpg
33,34,5,6,28,29,No entry,train/17/00017_00001_00013.jpg
33,34,5,6,28,29,No entry,train/17/00017_00001_00014.jpg
34,35,5,6,29,30,No entry,train/17/00017_00001_00015.jpg
35,35,5,5,30,30,No entry,train/17/00017_00001_00016.jpg
37,36,6,5,32,31,No entry,train/17/00017_00001_00017.jpg
37,37,6,5,32,31,No entry,train/17/00017_00001_00018.jpg
37,37,5,5,32,32,No entry,train/17/00017_00001_00019.jpg
37,38,5,6,32,33,No entry,train/17/00017_00001_00020.jpg
39,38,6,5,34,33,No entry,train/17/00017_00001_00021.jpg
40,40,5,5,35,35,No entry,train/17/00017_00001_00022.jpg
42,43,5,6,37,38,No entry,train/17/00017_00001_00023.jpg
42,42,5,5,37,37,No entry,train/17/00017_00001_00024.jpg
45,45,5,5,39,40,No entry,train/17/00017_00001_00025.jpg
44,45,5,5,39,40,No entry,train/17/00017_00001_00026.jpg
47,49,5,6,41,43,No entry,train/17/00017_00001_00027.jpg
50,51,6,6,45,46,No entry,train/17/00017_00001_00028.jpg
52,53,6,6,47,48,No entry,train/17/00017_00001_00029.jpg
25,40,5,5,20,34,No entry,train/17/00017_00002_00000.jpg
27,41,6,6,21,35,No entry,train/17/00017_00002_00001.jpg
26,40,5,5,20,35,No entry,train/17/00017_00002_00002.jpg
27,41,6,6,22,36,No entry,train/17/00017_00002_00003.jpg
27,41,6,6,22,36,No entry,train/17/00017_00002_00004.jpg
27,42,6,6,22,37,No entry,train/17/00017_00002_00005.jpg
27,41,6,5,22,36,No entry,train/17/00017_00002_00006.jpg
28,43,6,6,22,38,No entry,train/17/00017_00002_00007.jpg
28,42,6,5,22,37,No entry,train/17/00017_00002_00008.jpg
27,44,5,6,22,39,No entry,train/17/00017_00002_00009.jpg
27,43,5,5,22,38,No entry,train/17/00017_00002_00010.jpg
29,44,6,6,24,39,No entry,train/17/00017_00002_00011.jpg
29,43,5,5,24,38,No entry,train/17/00017_00002_00012.jpg
29,44,5,6,24,39,No entry,train/17/00017_00002_00013.jpg
29,44,5,5,24,39,No entry,train/17/00017_00002_00014.jpg
29,45,5,6,24,40,No entry,train/17/00017_00002_00015.jpg
31,45,6,5,26,39,No entry,train/17/00017_00002_00016.jpg
31,45,5,5,26,39,No entry,train/17/00017_00002_00017.jpg
34,45,6,5,29,40,No entry,train/17/00017_00002_00018.jpg
33,45,6,6,28,40,No entry,train/17/00017_00002_00019.jpg
33,44,6,5,28,39,No entry,train/17/00017_00002_00020.jpg
33,46,5,5,28,41,No entry,train/17/00017_00002_00021.jpg
34,47,6,5,29,41,No entry,train/17/00017_00002_00022.jpg
34,48,5,6,28,43,No entry,train/17/00017_00002_00023.jpg
35,47,6,5,29,42,No entry,train/17/00017_00002_00024.jpg
35,49,6,6,30,44,No entry,train/17/00017_00002_00025.jpg
36,50,6,6,30,44,No entry,train/17/00017_00002_00026.jpg
36,51,6,6,31,46,No entry,train/17/00017_00002_00027.jpg
36,51,5,5,30,46,No entry,train/17/00017_00002_00028.jpg
36,52,5,5,31,47,No entry,train/17/00017_00002_00029.jpg
28,28,6,6,23,23,No entry,train/17/00017_00003_00000.jpg
27,28,5,5,22,23,No entry,train/17/00017_00003_00001.jpg
28,29,5,5,23,24,No entry,train/17/00017_00003_00002.jpg
28,29,5,5,23,24,No entry,train/17/00017_00003_00003.jpg
28,30,5,6,23,25,No entry,train/17/00017_00003_00004.jpg
29,30,6,6,24,25,No entry,train/17/00017_00003_00005.jpg
28,30,5,6,23,25,No entry,train/17/00017_00003_00006.jpg
29,30,6,6,24,25,No entry,train/17/00017_00003_00007.jpg
29,30,6,6,24,25,No entry,train/17/00017_00003_00008.jpg
29,30,5,5,24,25,No entry,train/17/00017_00003_00009.jpg
30,31,6,6,25,26,No entry,train/17/00017_00003_00010.jpg
31,31,5,5,25,26,No entry,train/17/00017_00003_00011.jpg
33,33,6,6,28,28,No entry,train/17/00017_00003_00012.jpg
33,34,5,6,27,28,No entry,train/17/00017_00003_00013.jpg
33,34,5,5,28,29,No entry,train/17/00017_00003_00014.jpg
33,34,5,5,28,29,No entry,train/17/00017_00003_00015.jpg
34,36,5,5,29,31,No entry,train/17/00017_00003_00016.jpg
35,37,5,5,30,31,No entry,train/17/00017_00003_00017.jpg
36,38,5,6,31,33,No entry,train/17/00017_00003_00018.jpg
37,38,5,5,32,32,No entry,train/17/00017_00003_00019.jpg
37,39,5,6,32,34,No entry,train/17/00017_00003_00020.jpg
39,41,5,6,34,35,No entry,train/17/00017_00003_00021.jpg
41,41,5,5,35,36,No entry,train/17/00017_00003_00022.jpg
43,45,5,5,38,39,No entry,train/17/00017_00003_00023.jpg
46,48,5,6,41,42,No entry,train/17/00017_00003_00024.jpg
49,49,6,6,44,44,No entry,train/17/00017_00003_00025.jpg
48,50,5,5,43,45,No entry,train/17/00017_00003_00026.jpg
51,52,6,5,46,46,No entry,train/17/00017_00003_00027.jpg
56,57,6,6,50,51,No entry,train/17/00017_00003_00028.jpg
61,62,6,6,56,57,No entry,train/17/00017_00003_00029.jpg
36,41,4,6,31,36,No entry,train/17/00017_00004_00000.jpg
39,41,5,6,33,36,No entry,train/17/00017_00004_00001.jpg
41,44,6,6,35,38,No entry,train/17/00017_00004_00002.jpg
40,45,5,6,35,40,No entry,train/17/00017_00004_00003.jpg
41,45,6,6,36,40,No entry,train/17/00017_00004_00004.jpg
43,45,6,5,37,39,No entry,train/17/00017_00004_00005.jpg
43,47,6,6,38,42,No entry,train/17/00017_00004_00006.jpg
45,49,6,5,40,43,No entry,train/17/00017_00004_00007.jpg
46,50,5,6,40,45,No entry,train/17/00017_00004_00008.jpg
46,50,5,6,41,45,No entry,train/17/00017_00004_00009.jpg
50,51,5,5,45,46,No entry,train/17/00017_00004_00010.jpg
52,53,6,5,47,48,No entry,train/17/00017_00004_00011.jpg
53,55,6,6,48,49,No entry,train/17/00017_00004_00012.jpg
55,55,6,6,50,50,No entry,train/17/00017_00004_00013.jpg
56,57,5,5,51,51,No entry,train/17/00017_00004_00014.jpg
59,59,6,5,54,54,No entry,train/17/00017_00004_00015.jpg
61,61,6,5,56,56,No entry,train/17/00017_00004_00016.jpg
63,63,5,5,57,58,No entry,train/17/00017_00004_00017.jpg
26,26,5,5,21,21,No entry,train/17/00017_00004_00018.jpg
28,28,6,6,23,23,No entry,train/17/00017_00004_00019.jpg
28,28,5,5,23,23,No entry,train/17/00017_00004_00020.jpg
29,28,6,5,24,23,No entry,train/17/00017_00004_00021.jpg
29,29,6,6,24,24,No entry,train/17/00017_00004_00022.jpg
30,30,6,6,25,25,No entry,train/17/00017_00004_00023.jpg
30,30,5,5,25,25,No entry,train/17/00017_00004_00024.jpg
30,30,5,5,25,25,No entry,train/17/00017_00004_00025.jpg
32,33,6,6,27,28,No entry,train/17/00017_00004_00026.jpg
34,35,6,6,29,30,No entry,train/17/00017_00004_00027.jpg
35,35,5,6,30,30,No entry,train/17/00017_00004_00028.jpg
35,35,5,6,30,30,No entry,train/17/00017_00004_00029.jpg
28,28,5,5,23,23,No entry,train/17/00017_00005_00000.jpg
29,28,6,5,24,23,No entry,train/17/00017_00005_00001.jpg
29,29,5,5,24,24,No entry,train/17/00017_00005_00002.jpg
29,30,5,6,24,25,No entry,train/17/00017_00005_00003.jpg
30,30,6,6,25,25,No entry,train/17/00017_00005_00004.jpg
29,29,5,5,24,24,No entry,train/17/00017_00005_00005.jpg
31,31,5,5,25,25,No entry,train/17/00017_00005_00006.jpg
32,32,6,6,27,27,No entry,train/17/00017_00005_00007.jpg
33,33,6,6,27,27,No entry,train/17/00017_00005_00008.jpg
32,33,5,6,27,28,No entry,train/17/00017_00005_00009.jpg
33,34,5,6,28,29,No entry,train/17/00017_00005_00010.jpg
35,35,6,6,30,30,No entry,train/17/00017_00005_00011.jpg
35,34,5,5,29,29,No entry,train/17/00017_00005_00012.jpg
35,36,5,6,30,31,No entry,train/17/00017_00005_00013.jpg
36,37,5,5,31,31,No entry,train/17/00017_00005_00014.jpg
38,38,6,6,33,33,No entry,train/17/00017_00005_00015.jpg
38,38,5,5,33,33,No entry,train/17/00017_00005_00016.jpg
40,41,6,6,35,35,No entry,train/17/00017_00005_00017.jpg
41,42,5,5,36,36,No entry,train/17/00017_00005_00018.jpg
43,43,6,6,38,38,No entry,train/17/00017_00005_00019.jpg
44,43,6,5,38,37,No entry,train/17/00017_00005_00020.jpg
46,46,5,6,40,41,No entry,train/17/00017_00005_00021.jpg
47,48,5,6,42,43,No entry,train/17/00017_00005_00022.jpg
49,51,5,6,44,45,No entry,train/17/00017_00005_00023.jpg
51,53,5,6,46,47,No entry,train/17/00017_00005_00024.jpg
55,55,6,6,50,50,No entry,train/17/00017_00005_00025.jpg
56,59,5,6,51,53,No entry,train/17/00017_00005_00026.jpg
61,62,5,6,56,57,No entry,train/17/00017_00005_00027.jpg
64,66,5,6,59,60,No entry,train/17/00017_00005_00028.jpg
73,75,6,7,67,68,No entry,train/17/00017_00005_00029.jpg
28,30,5,6,23,25,No entry,train/17/00017_00006_00000.jpg
29,29,5,5,24,24,No entry,train/17/00017_00006_00001.jpg
30,30,6,5,25,24,No entry,train/17/00017_00006_00002.jpg
30,31,6,6,25,26,No entry,train/17/00017_00006_00003.jpg
30,31,6,6,25,26,No entry,train/17/00017_00006_00004.jpg
31,33,5,6,26,28,No entry,train/17/00017_00006_00005.jpg
31,33,5,6,26,28,No entry,train/17/00017_00006_00006.jpg
33,34,5,6,27,29,No entry,train/17/00017_00006_00007.jpg
34,35,6,6,29,30,No entry,train/17/00017_00006_00008.jpg
34,36,5,6,28,30,No entry,train/17/00017_00006_00009.jpg
36,37,6,6,30,31,No entry,train/17/00017_00006_00010.jpg
37,37,6,6,31,32,No entry,train/17/00017_00006_00011.jpg
37,37,6,5,32,32,No entry,train/17/00017_00006_00012.jpg
38,38,6,5,33,33,No entry,train/17/00017_00006_00013.jpg
40,40,6,5,34,34,No entry,train/17/00017_00006_00014.jpg
40,42,6,6,35,37,No entry,train/17/00017_00006_00015.jpg
42,43,6,6,36,38,No entry,train/17/00017_00006_00016.jpg
43,43,6,5,38,38,No entry,train/17/00017_00006_00017.jpg
44,46,5,6,38,41,No entry,train/17/00017_00006_00018.jpg
47,47,6,6,41,42,No entry,train/17/00017_00006_00019.jpg
47,50,5,6,42,44,No entry,train/17/00017_00006_00020.jpg
49,51,6,5,44,45,No entry,train/17/00017_00006_00021.jpg
50,54,5,6,45,49,No entry,train/17/00017_00006_00022.jpg
52,55,5,5,47,50,No entry,train/17/00017_00006_00023.jpg
55,60,5,6,50,55,No entry,train/17/00017_00006_00024.jpg
57,62,5,5,52,56,No entry,train/17/00017_00006_00025.jpg
62,69,5,6,56,62,No entry,train/17/00017_00006_00026.jpg
68,73,7,7,62,67,No entry,train/17/00017_00006_00027.jpg
73,80,6,7,66,73,No entry,train/17/00017_00006_00028.jpg
84,89,8,7,76,81,No entry,train/17/00017_00006_00029.jpg
28,29,6,5,23,24,No entry,train/17/00017_00007_00000.jpg
28,29,6,6,23,24,No entry,train/17/00017_00007_00001.jpg
28,30,5,6,23,25,No entry,train/17/00017_00007_00002.jpg
28,30,5,6,23,25,No entry,train/17/00017_00007_00003.jpg
29,32,5,6,24,27,No entry,train/17/00017_00007_00004.jpg
30,32,6,6,25,27,No entry,train/17/00017_00007_00005.jpg
31,32,6,6,26,27,No entry,train/17/00017_00007_00006.jpg
30,32,5,5,25,27,No entry,train/17/00017_00007_00007.jpg
30,32,5,6,25,27,No entry,train/17/00017_00007_00008.jpg
33,33,6,6,28,28,No entry,train/17/00017_00007_00009.jpg
32,34,5,6,27,29,No entry,train/17/00017_00007_00010.jpg
33,35,5,6,28,30,No entry,train/17/00017_00007_00011.jpg
34,35,6,6,29,30,No entry,train/17/00017_00007_00012.jpg
33,36,5,6,28,31,No entry,train/17/00017_00007_00013.jpg
35,36,6,6,30,31,No entry,train/17/00017_00007_00014.jpg
35,37,6,6,30,32,No entry,train/17/00017_00007_00015.jpg
34,37,5,6,29,32,No entry,train/17/00017_00007_00016.jpg
37,38,6,6,32,33,No entry,train/17/00017_00007_00017.jpg
37,39,6,6,32,34,No entry,train/17/00017_00007_00018.jpg
37,39,5,5,32,34,No entry,train/17/00017_00007_00019.jpg
37,40,5,6,32,35,No entry,train/17/00017_00007_00020.jpg
39,42,6,6,34,37,No entry,train/17/00017_00007_00021.jpg
40,42,5,5,35,37,No entry,train/17/00017_00007_00022.jpg
40,42,5,5,35,37,No entry,train/17/00017_00007_00023.jpg
43,45,5,5,38,40,No entry,train/17/00017_00007_00024.jpg
45,46,6,5,40,41,No entry,train/17/00017_00007_00025.jpg
44,46,5,5,39,41,No entry,train/17/00017_00007_00026.jpg
47,50,6,6,42,45,No entry,train/17/00017_00007_00027.jpg
48,52,5,6,43,47,No entry,train/17/00017_00007_00028.jpg
52,52,6,5,47,47,No entry,train/17/00017_00007_00029.jpg
26,28,6,5,21,23,No entry,train/17/00017_00008_00000.jpg
27,29,6,6,22,24,No entry,train/17/00017_00008_00001.jpg
27,28,6,5,22,23,No entry,train/17/00017_00008_00002.jpg
27,29,6,6,22,24,No entry,train/17/00017_00008_00003.jpg
26,29,5,6,21,24,No entry,train/17/00017_00008_00004.jpg
27,29,5,5,22,24,No entry,train/17/00017_00008_00005.jpg
27,29,5,5,22,24,No entry,train/17/00017_00008_00006.jpg
27,30,5,6,22,25,No entry,train/17/00017_00008_00007.jpg
27,30,6,5,22,25,No entry,train/17/00017_00008_00008.jpg
28,30,5,5,23,25,No entry,train/17/00017_00008_00009.jpg
27,29,5,5,22,24,No entry,train/17/00017_00008_00010.jpg
27,30,5,5,22,25,No entry,train/17/00017_00008_00011.jpg
27,31,5,6,22,26,No entry,train/17/00017_00008_00012.jpg
28,30,5,5,23,25,No entry,train/17/00017_00008_00013.jpg
28,30,5,5,23,25,No entry,train/17/00017_00008_00014.jpg
29,32,5,6,24,27,No entry,train/17/00017_00008_00015.jpg
29,32,5,5,24,27,No entry,train/17/00017_00008_00016.jpg
29,31,5,5,24,26,No entry,train/17/00017_00008_00017.jpg
29,30,6,5,24,25,No entry,train/17/00017_00008_00018.jpg
30,31,6,5,25,26,No entry,train/17/00017_00008_00019.jpg
30,32,5,6,25,27,No entry,train/17/00017_00008_00020.jpg
30,32,5,5,25,27,No entry,train/17/00017_00008_00021.jpg
30,33,5,6,25,28,No entry,train/17/00017_00008_00022.jpg
31,33,6,6,26,28,No entry,train/17/00017_00008_00023.jpg
30,33,5,5,25,28,No entry,train/17/00017_00008_00024.jpg
30,34,5,5,25,29,No entry,train/17/00017_00008_00025.jpg
30,34,5,5,25,29,No entry,train/17/00017_00008_00026.jpg
32,35,6,5,27,30,No entry,train/17/00017_00008_00027.jpg
31,36,5,6,26,31,No entry,train/17/00017_00008_00028.jpg
33,36,6,6,28,31,No entry,train/17/00017_00008_00029.jpg
30,33,6,6,25,28,No entry,train/17/00017_00009_00000.jpg
31,33,6,5,26,28,No entry,train/17/00017_00009_00001.jpg
31,34,5,5,25,28,No entry,train/17/00017_00009_00002.jpg
31,36,5,6,26,30,No entry,train/17/00017_00009_00003.jpg
32,36,5,6,26,30,No entry,train/17/00017_00009_00004.jpg
34,36,6,6,28,31,No entry,train/17/00017_00009_00005.jpg
34,36,6,5,29,31,No entry,train/17/00017_00009_00006.jpg
34,37,6,5,29,31,No entry,train/17/00017_00009_00007.jpg
33,38,5,6,28,32,No entry,train/17/00017_00009_00008.jpg
35,38,6,5,30,32,No entry,train/17/00017_00009_00009.jpg
35,38,5,5,30,33,No entry,train/17/00017_00009_00010.jpg
35,38,5,5,30,33,No entry,train/17/00017_00009_00011.jpg
35,38,5,5,30,33,No entry,train/17/00017_00009_00012.jpg
37,41,6,6,31,35,No entry,train/17/00017_00009_00013.jpg
37,41,5,5,32,36,No entry,train/17/00017_00009_00014.jpg
39,43,5,5,34,38,No entry,train/17/00017_00009_00015.jpg
41,46,5,6,36,41,No entry,train/17/00017_00009_00016.jpg
44,47,6,6,38,42,No entry,train/17/00017_00009_00017.jpg
42,46,5,6,36,41,No entry,train/17/00017_00009_00018.jpg
42,48,5,6,37,42,No entry,train/17/00017_00009_00019.jpg
44,48,6,6,39,43,No entry,train/17/00017_00009_00020.jpg
46,49,6,6,40,44,No entry,train/17/00017_00009_00021.jpg
47,50,5,6,41,45,No entry,train/17/00017_00009_00022.jpg
48,51,5,5,43,46,No entry,train/17/00017_00009_00023.jpg
49,52,5,5,43,47,No entry,train/17/00017_00009_00024.jpg
52,56,6,6,47,50,No entry,train/17/00017_00009_00025.jpg
54,59,5,6,48,53,No entry,train/17/00017_00009_00026.jpg
56,61,5,5,50,55,No entry,train/17/00017_00009_00027.jpg
58,64,6,6,53,58,No entry,train/17/00017_00009_00028.jpg
62,70,5,7,57,64,No entry,train/17/00017_00009_00029.jpg
26,25,6,5,21,20,No entry,train/17/00017_00010_00000.jpg
25,25,5,5,20,20,No entry,train/17/00017_00010_00001.jpg
27,26,6,5,21,20,No entry,train/17/00017_00010_00002.jpg
26,26,5,5,21,21,No entry,train/17/00017_00010_00003.jpg
26,27,5,5,21,21,No entry,train/17/00017_00010_00004.jpg
27,27,5,5,21,22,No entry,train/17/00017_00010_00005.jpg
29,29,6,5,23,23,No entry,train/17/00017_00010_00006.jpg
31,30,6,5,25,25,No entry,train/17/00017_00010_00007.jpg
32,31,6,5,27,26,No entry,train/17/00017_00010_00008.jpg
34,34,6,6,28,28,No entry,train/17/00017_00010_00009.jpg
33,34,5,6,28,29,No entry,train/17/00017_00010_00010.jpg
33,35,5,6,28,29,No entry,train/17/00017_00010_00011.jpg
34,34,5,5,29,29,No entry,train/17/00017_00010_00012.jpg
34,36,5,6,29,30,No entry,train/17/00017_00010_00013.jpg
35,36,5,6,30,31,No entry,train/17/00017_00010_00014.jpg
37,36,6,5,32,31,No entry,train/17/00017_00010_00015.jpg
38,38,6,6,32,32,No entry,train/17/00017_00010_00016.jpg
38,38,6,6,33,33,No entry,train/17/00017_00010_00017.jpg
40,40,5,6,34,35,No entry,train/17/00017_00010_00018.jpg
42,42,6,6,36,36,No entry,train/17/00017_00010_00019.jpg
41,43,5,6,36,37,No entry,train/17/00017_00010_00020.jpg
43,43,6,5,37,37,No entry,train/17/00017_00010_00021.jpg
42,45,5,6,37,39,No entry,train/17/00017_00010_00022.jpg
44,47,5,6,39,41,No entry,train/17/00017_00010_00023.jpg
47,48,6,6,41,43,No entry,train/17/00017_00010_00024.jpg
47,49,5,6,42,44,No entry,train/17/00017_00010_00025.jpg
50,50,6,6,45,45,No entry,train/17/00017_00010_00026.jpg
50,51,6,6,45,46,No entry,train/17/00017_00010_00027.jpg
50,52,6,6,45,47,No entry,train/17/00017_00010_00028.jpg
50,53,5,6,45,48,No entry,train/17/00017_00010_00029.jpg
26,28,5,6,21,23,No entry,train/17/00017_00011_00000.jpg
26,28,5,6,21,23,No entry,train/17/00017_00011_00001.jpg
27,28,5,5,22,23,No entry,train/17/00017_00011_00002.jpg
28,30,5,6,23,25,No entry,train/17/00017_00011_00003.jpg
28,29,6,5,23,24,No entry,train/17/00017_00011_00004.jpg
27,27,6,5,22,22,No entry,train/17/00017_00011_00005.jpg
26,28,5,6,21,23,No entry,train/17/00017_00011_00006.jpg
27,28,5,5,22,23,No entry,train/17/00017_00011_00007.jpg
28,29,6,6,23,24,No entry,train/17/00017_00011_00008.jpg
28,29,6,6,23,24,No entry,train/17/00017_00011_00009.jpg
28,30,5,6,23,25,No entry,train/17/00017_00011_00010.jpg
28,30,5,6,23,25,No entry,train/17/00017_00011_00011.jpg
27,29,5,5,22,24,No entry,train/17/00017_00011_00012.jpg
28,30,6,6,23,25,No entry,train/17/00017_00011_00013.jpg
28,31,5,6,23,26,No entry,train/17/00017_00011_00014.jpg
29,32,5,6,24,27,No entry,train/17/00017_00011_00015.jpg
28,30,5,6,23,25,No entry,train/17/00017_00011_00016.jpg
29,29,6,5,24,24,No entry,train/17/00017_00011_00017.jpg
27,29,5,6,22,24,No entry,train/17/00017_00011_00018.jpg
29,29,6,5,24,24,No entry,train/17/00017_00011_00019.jpg
29,29,6,5,24,24,No entry,train/17/00017_00011_00020.jpg
29,29,6,5,24,24,No entry,train/17/00017_00011_00021.jpg
29,29,6,5,24,24,No entry,train/17/00017_00011_00022.jpg
29,30,6,5,24,25,No entry,train/17/00017_00011_00023.jpg
28,30,5,5,23,25,No entry,train/17/00017_00011_00024.jpg
28,30,6,6,23,25,No entry,train/17/00017_00011_00025.jpg
29,31,5,5,24,26,No entry,train/17/00017_00011_00026.jpg
29,31,5,5,24,26,No entry,train/17/00017_00011_00027.jpg
30,32,6,6,25,27,No entry,train/17/00017_00011_00028.jpg
28,31,5,6,23,26,No entry,train/17/00017_00011_00029.jpg
27,26,6,5,22,21,No entry,train/17/00017_00012_00000.jpg
27,26,5,5,22,21,No entry,train/17/00017_00012_00001.jpg
28,28,5,6,23,23,No entry,train/17/00017_00012_00002.jpg
27,26,5,5,22,21,No entry,train/17/00017_00012_00003.jpg
28,28,5,6,23,23,No entry,train/17/00017_00012_00004.jpg
29,27,6,6,24,22,No entry,train/17/00017_00012_00005.jpg
28,27,5,6,23,22,No entry,train/17/00017_00012_00006.jpg
29,27,6,6,24,22,No entry,train/17/00017_00012_00007.jpg
29,27,5,5,24,22,No entry,train/17/00017_00012_00008.jpg
29,27,5,5,24,22,No entry,train/17/00017_00012_00009.jpg
29,28,5,6,24,23,No entry,train/17/00017_00012_00010.jpg
30,29,5,6,25,24,No entry,train/17/00017_00012_00011.jpg
30,29,5,6,25,24,No entry,train/17/00017_00012_00012.jpg
30,28,5,5,25,23,No entry,train/17/00017_00012_00013.jpg
28,26,6,5,23,21,No entry,train/17/00017_00012_00014.jpg
30,28,6,5,25,23,No entry,train/17/00017_00012_00015.jpg
30,29,6,6,25,24,No entry,train/17/00017_00012_00016.jpg
30,29,6,6,25,24,No entry,train/17/00017_00012_00017.jpg
30,29,5,5,25,24,No entry,train/17/00017_00012_00018.jpg
31,31,5,6,26,26,No entry,train/17/00017_00012_00019.jpg
31,30,5,5,26,25,No entry,train/17/00017_00012_00020.jpg
33,30,6,5,28,25,No entry,train/17/00017_00012_00021.jpg
32,30,5,5,27,25,No entry,train/17/00017_00012_00022.jpg
34,31,6,6,29,26,No entry,train/17/00017_00012_00023.jpg
35,31,6,5,30,26,No entry,train/17/00017_00012_00024.jpg
34,32,5,6,29,27,No entry,train/17/00017_00012_00025.jpg
34,31,6,5,29,26,No entry,train/17/00017_00012_00026.jpg
35,32,6,5,30,27,No entry,train/17/00017_00012_00027.jpg
35,34,5,6,30,29,No entry,train/17/00017_00012_00028.jpg
35,35,5,6,30,30,No entry,train/17/00017_00012_00029.jpg
26,34,5,5,21,29,No entry,train/17/00017_00013_00000.jpg
29,37,5,6,24,32,No entry,train/17/00017_00013_00001.jpg
29,37,5,6,24,32,No entry,train/17/00017_00013_00002.jpg
29,37,5,5,24,32,No entry,train/17/00017_00013_00003.jpg
29,37,5,5,24,32,No entry,train/17/00017_00013_00004.jpg
29,38,5,6,24,33,No entry,train/17/00017_00013_00005.jpg
29,38,5,6,24,33,No entry,train/17/00017_00013_00006.jpg
29,38,5,6,24,33,No entry,train/17/00017_00013_00007.jpg
29,38,5,6,24,33,No entry,train/17/00017_00013_00008.jpg
29,38,5,6,24,33,No entry,train/17/00017_00013_00009.jpg
29,38,5,6,24,33,No entry,train/17/00017_00013_00010.jpg
29,38,5,6,24,33,No entry,train/17/00017_00013_00011.jpg
29,38,5,6,24,33,No entry,train/17/00017_00013_00012.jpg
29,38,5,6,24,33,No entry,train/17/00017_00013_00013.jpg
29,38,5,6,24,33,No entry,train/17/00017_00013_00014.jpg
32,37,6,5,27,32,No entry,train/17/00017_00013_00015.jpg
32,38,6,6,27,33,No entry,train/17/00017_00013_00016.jpg
31,38,5,6,26,33,No entry,train/17/00017_00013_00017.jpg
32,38,6,6,27,33,No entry,train/17/00017_00013_00018.jpg
32,38,6,6,27,33,No entry,train/17/00017_00013_00019.jpg
32,40,5,6,27,35,No entry,train/17/00017_00013_00020.jpg
32,40,5,6,27,35,No entry,train/17/00017_00013_00021.jpg
32,40,5,6,27,35,No entry,train/17/00017_00013_00022.jpg
33,40,6,6,28,35,No entry,train/17/00017_00013_00023.jpg
33,40,6,6,28,35,No entry,train/17/00017_00013_00024.jpg
32,40,5,6,27,35,No entry,train/17/00017_00013_00025.jpg
33,40,6,6,28,35,No entry,train/17/00017_00013_00026.jpg
32,38,6,5,27,33,No entry,train/17/00017_00013_00027.jpg
32,38,6,5,27,33,No entry,train/17/00017_00013_00028.jpg
33,40,5,5,28,35,No entry,train/17/00017_00013_00029.jpg
30,32,5,5,25,27,No entry,train/17/00017_00014_00000.jpg
29,31,5,5,24,26,No entry,train/17/00017_00014_00001.jpg
29,32,5,5,24,27,No entry,train/17/00017_00014_00002.jpg
29,33,5,6,24,28,No entry,train/17/00017_00014_00003.jpg
30,32,6,5,25,27,No entry,train/17/00017_00014_00004.jpg
30,34,5,6,25,29,No entry,train/17/00017_00014_00005.jpg
31,33,6,5,26,28,No entry,train/17/00017_00014_00006.jpg
30,34,5,6,25,29,No entry,train/17/00017_00014_00007.jpg
31,33,6,5,26,28,No entry,train/17/00017_00014_00008.jpg
31,33,6,5,26,28,No entry,train/17/00017_00014_00009.jpg
31,34,6,6,26,29,No entry,train/17/00017_00014_00010.jpg
30,32,5,6,25,27,No entry,train/17/00017_00014_00011.jpg
30,34,5,6,25,29,No entry,train/17/00017_00014_00012.jpg
30,33,5,5,25,28,No entry,train/17/00017_00014_00013.jpg
31,34,6,5,26,29,No entry,train/17/00017_00014_00014.jpg
30,35,5,5,25,30,No entry,train/17/00017_00014_00015.jpg
30,35,5,6,25,30,No entry,train/17/00017_00014_00016.jpg
30,34,5,5,25,29,No entry,train/17/00017_00014_00017.jpg
30,35,5,6,25,30,No entry,train/17/00017_00014_00018.jpg
33,37,6,6,28,32,No entry,train/17/00017_00014_00019.jpg
33,38,5,6,28,33,No entry,train/17/00017_00014_00020.jpg
31,36,6,6,26,31,No entry,train/17/00017_00014_00021.jpg
32,37,6,6,27,32,No entry,train/17/00017_00014_00022.jpg
33,38,6,6,28,33,No entry,train/17/00017_00014_00023.jpg
33,38,6,6,28,33,No entry,train/17/00017_00014_00024.jpg
33,38,6,6,28,33,No entry,train/17/00017_00014_00025.jpg
34,38,6,5,29,33,No entry,train/17/00017_00014_00026.jpg
35,40,6,6,30,35,No entry,train/17/00017_00014_00027.jpg
35,40,5,5,30,35,No entry,train/17/00017_00014_00028.jpg
36,41,6,6,31,36,No entry,train/17/00017_00014_00029.jpg
27,31,6,5,22,26,No entry,train/17/00017_00015_00000.jpg
26,31,5,6,21,26,No entry,train/17/00017_00015_00001.jpg
27,31,5,5,22,26,No entry,train/17/00017_00015_00002.jpg
27,33,5,6,22,28,No entry,train/17/00017_00015_00003.jpg
27,32,5,5,22,27,No entry,train/17/00017_00015_00004.jpg
33,37,6,5,28,32,No entry,train/17/00017_00015_00005.jpg
32,37,5,5,27,32,No entry,train/17/00017_00015_00006.jpg
32,38,5,6,27,33,No entry,train/17/00017_00015_00007.jpg
33,38,5,5,28,33,No entry,train/17/00017_00015_00008.jpg
34,40,5,6,29,35,No entry,train/17/00017_00015_00009.jpg
35,41,5,6,30,36,No entry,train/17/00017_00015_00010.jpg
35,41,5,6,30,36,No entry,train/17/00017_00015_00011.jpg
35,40,5,5,30,35,No entry,train/17/00017_00015_00012.jpg
37,41,6,5,32,36,No entry,train/17/00017_00015_00013.jpg
38,43,6,6,33,38,No entry,train/17/00017_00015_00014.jpg
38,43,6,6,33,38,No entry,train/17/00017_00015_00015.jpg
39,44,6,6,34,39,No entry,train/17/00017_00015_00016.jpg
39,39,6,5,34,34,No entry,train/17/00017_00015_00017.jpg
40,41,6,5,35,36,No entry,train/17/00017_00015_00018.jpg
41,43,6,6,36,38,No entry,train/17/00017_00015_00019.jpg
41,43,5,5,36,38,No entry,train/17/00017_00015_00020.jpg
43,45,6,6,38,40,No entry,train/17/00017_00015_00021.jpg
43,45,5,5,38,40,No entry,train/17/00017_00015_00022.jpg
44,47,5,6,39,42,No entry,train/17/00017_00015_00023.jpg
47,49,6,6,42,44,No entry,train/17/00017_00015_00024.jpg
47,50,5,6,42,45,No entry,train/17/00017_00015_00025.jpg
48,51,5,5,43,46,No entry,train/17/00017_00015_00026.jpg
50,54,6,6,45,49,No entry,train/17/00017_00015_00027.jpg
52,55,6,5,47,50,No entry,train/17/00017_00015_00028.jpg
52,56,5,5,47,51,No entry,train/17/00017_00015_00029.jpg
27,29,5,5,22,24,No entry,train/17/00017_00016_00000.jpg
26,29,5,6,21,24,No entry,train/17/00017_00016_00001.jpg
27,30,5,6,22,25,No entry,train/17/00017_00016_00002.jpg
27,29,6,6,22,24,No entry,train/17/00017_00016_00003.jpg
29,29,6,6,24,24,No entry,train/17/00017_00016_00004.jpg
28,30,5,6,23,25,No entry,train/17/00017_00016_00005.jpg
29,29,6,5,24,24,No entry,train/17/00017_00016_00006.jpg
29,31,5,6,24,26,No entry,train/17/00017_00016_00007.jpg
28,30,5,5,23,25,No entry,train/17/00017_00016_00008.jpg
28,30,5,5,23,25,No entry,train/17/00017_00016_00009.jpg
29,31,5,6,24,26,No entry,train/17/00017_00016_00010.jpg
30,33,5,6,25,28,No entry,train/17/00017_00016_00011.jpg
32,32,6,5,27,27,No entry,train/17/00017_00016_00012.jpg
32,33,5,6,27,28,No entry,train/17/00017_00016_00013.jpg
32,32,6,6,27,27,No entry,train/17/00017_00016_00014.jpg
34,33,6,5,29,28,No entry,train/17/00017_00016_00015.jpg
34,34,6,6,29,29,No entry,train/17/00017_00016_00016.jpg
34,36,5,6,29,31,No entry,train/17/00017_00016_00017.jpg
36,37,5,5,31,32,No entry,train/17/00017_00016_00018.jpg
37,38,5,5,32,33,No entry,train/17/00017_00016_00019.jpg
38,39,6,6,33,34,No entry,train/17/00017_00016_00020.jpg
40,41,6,6,35,36,No entry,train/17/00017_00016_00021.jpg
41,43,5,5,36,38,No entry,train/17/00017_00016_00022.jpg
44,45,6,5,39,40,No entry,train/17/00017_00016_00023.jpg
47,49,6,6,42,44,No entry,train/17/00017_00016_00024.jpg
50,54,6,6,45,49,No entry,train/17/00017_00016_00025.jpg
53,57,6,6,48,52,No entry,train/17/00017_00016_00026.jpg
58,63,6,6,53,58,No entry,train/17/00017_00016_00027.jpg
62,70,5,6,57,64,No entry,train/17/00017_00016_00028.jpg
72,82,7,8,66,75,No entry,train/17/00017_00016_00029.jpg
33,33,6,5,28,28,No entry,train/17/00017_00017_00000.jpg
34,36,5,6,29,31,No entry,train/17/00017_00017_00001.jpg
35,35,5,5,30,30,No entry,train/17/00017_00017_00002.jpg
36,35,6,5,31,30,No entry,train/17/00017_00017_00003.jpg
36,35,6,5,31,30,No entry,train/17/00017_00017_00004.jpg
36,37,5,5,31,32,No entry,train/17/00017_00017_00005.jpg
37,37,6,5,32,32,No entry,train/17/00017_00017_00006.jpg
38,38,6,6,33,33,No entry,train/17/00017_00017_00007.jpg
38,38,6,6,33,33,No entry,train/17/00017_00017_00008.jpg
37,38,5,5,32,33,No entry,train/17/00017_00017_00009.jpg
40,41,5,5,35,36,No entry,train/17/00017_00017_00010.jpg
43,43,6,5,38,38,No entry,train/17/00017_00017_00011.jpg
44,45,6,6,39,40,No entry,train/17/00017_00017_00012.jpg
43,45,5,6,38,40,No entry,train/17/00017_00017_00013.jpg
44,45,5,5,39,40,No entry,train/17/00017_00017_00014.jpg
46,46,5,5,41,41,No entry,train/17/00017_00017_00015.jpg
48,48,5,5,43,43,No entry,train/17/00017_00017_00016.jpg
48,49,5,6,43,44,No entry,train/17/00017_00017_00017.jpg
51,52,6,6,46,47,No entry,train/17/00017_00017_00018.jpg
51,51,6,5,46,46,No entry,train/17/00017_00017_00019.jpg
53,54,5,5,48,49,No entry,train/17/00017_00017_00020.jpg
57,59,6,6,52,54,No entry,train/17/00017_00017_00021.jpg
58,61,5,6,53,56,No entry,train/17/00017_00017_00022.jpg
63,64,6,5,58,59,No entry,train/17/00017_00017_00023.jpg
68,71,6,7,62,65,No entry,train/17/00017_00017_00024.jpg
70,73,7,6,64,67,No entry,train/17/00017_00017_00025.jpg
73,79,7,7,67,72,No entry,train/17/00017_00017_00026.jpg
75,77,6,7,69,71,No entry,train/17/00017_00017_00027.jpg
83,86,8,8,76,79,No entry,train/17/00017_00017_00028.jpg
87,96,8,9,80,88,No entry,train/17/00017_00017_00029.jpg
30,32,5,5,25,27,No entry,train/17/00017_00018_00000.jpg
31,33,5,5,26,28,No entry,train/17/00017_00018_00001.jpg
33,35,6,6,28,30,No entry,train/17/00017_00018_00002.jpg
32,35,5,6,27,30,No entry,train/17/00017_00018_00003.jpg
33,35,6,6,28,30,No entry,train/17/00017_00018_00004.jpg
33,34,6,5,28,29,No entry,train/17/00017_00018_00005.jpg
33,35,5,5,28,30,No entry,train/17/00017_00018_00006.jpg
32,34,5,6,27,29,No entry,train/17/00017_00018_00007.jpg
32,32,6,6,27,27,No entry,train/17/00017_00018_00008.jpg
32,32,6,6,27,27,No entry,train/17/00017_00018_00009.jpg
33,33,6,6,28,28,No entry,train/17/00017_00018_00010.jpg
33,35,6,6,28,30,No entry,train/17/00017_00018_00011.jpg
34,35,6,5,29,30,No entry,train/17/00017_00018_00012.jpg
35,35,6,5,30,30,No entry,train/17/00017_00018_00013.jpg
34,36,5,6,29,31,No entry,train/17/00017_00018_00014.jpg
36,36,6,5,31,31,No entry,train/17/00017_00018_00015.jpg
36,40,6,6,31,35,No entry,train/17/00017_00018_00016.jpg
37,40,6,5,32,35,No entry,train/17/00017_00018_00017.jpg
37,40,6,6,32,35,No entry,train/17/00017_00018_00018.jpg
37,41,5,6,32,36,No entry,train/17/00017_00018_00019.jpg
41,44,6,6,36,39,No entry,train/17/00017_00018_00020.jpg
38,40,5,5,33,35,No entry,train/17/00017_00018_00021.jpg
39,41,5,5,34,36,No entry,train/17/00017_00018_00022.jpg
37,39,5,6,32,34,No entry,train/17/00017_00018_00023.jpg
41,42,5,5,36,37,No entry,train/17/00017_00018_00024.jpg
40,40,5,5,35,35,No entry,train/17/00017_00018_00025.jpg
40,41,5,5,35,36,No entry,train/17/00017_00018_00026.jpg
39,39,6,5,34,34,No entry,train/17/00017_00018_00027.jpg
39,41,5,6,34,36,No entry,train/17/00017_00018_00028.jpg
41,42,6,6,36,37,No entry,train/17/00017_00018_00029.jpg
31,34,5,6,26,29,No entry,train/17/00017_00019_00000.jpg
32,34,5,5,27,29,No entry,train/17/00017_00019_00001.jpg
35,36,6,5,30,31,No entry,train/17/00017_00019_00002.jpg
35,38,5,6,30,33,No entry,train/17/00017_00019_00003.jpg
35,38,5,6,30,33,No entry,train/17/00017_00019_00004.jpg
35,37,5,5,30,32,No entry,train/17/00017_00019_00005.jpg
37,39,6,6,32,34,No entry,train/17/00017_00019_00006.jpg
37,40,5,6,32,35,No entry,train/17/00017_00019_00007.jpg
40,41,5,5,35,36,No entry,train/17/00017_00019_00008.jpg
41,41,6,5,36,36,No entry,train/17/00017_00019_00009.jpg
40,40,6,6,35,35,No entry,train/17/00017_00019_00010.jpg
41,42,5,6,36,37,No entry,train/17/00017_00019_00011.jpg
42,42,6,5,37,37,No entry,train/17/00017_00019_00012.jpg
44,46,6,5,39,41,No entry,train/17/00017_00019_00013.jpg
44,46,6,5,39,41,No entry,train/17/00017_00019_00014.jpg
45,49,5,6,40,44,No entry,train/17/00017_00019_00015.jpg
47,50,6,6,42,45,No entry,train/17/00017_00019_00016.jpg
49,52,6,5,44,47,No entry,train/17/00017_00019_00017.jpg
48,52,5,6,43,47,No entry,train/17/00017_00019_00018.jpg
51,54,5,5,46,49,No entry,train/17/00017_00019_00019.jpg
53,56,6,6,48,51,No entry,train/17/00017_00019_00020.jpg
55,57,6,5,50,52,No entry,train/17/00017_00019_00021.jpg
56,60,5,6,51,55,No entry,train/17/00017_00019_00022.jpg
59,62,5,5,54,57,No entry,train/17/00017_00019_00023.jpg
62,62,6,6,57,57,No entry,train/17/00017_00019_00024.jpg
69,68,7,7,63,62,No entry,train/17/00017_00019_00025.jpg
75,75,6,7,69,69,No entry,train/17/00017_00019_00026.jpg
81,80,8,8,74,73,No entry,train/17/00017_00019_00027.jpg
84,85,8,8,77,78,No entry,train/17/00017_00019_00028.jpg
92,92,9,9,84,84,No entry,train/17/00017_00019_00029.jpg
26,27,5,5,21,22,No entry,train/17/00017_00020_00000.jpg
27,28,5,5,22,23,No entry,train/17/00017_00020_00001.jpg
29,28,6,6,24,23,No entry,train/17/00017_00020_00002.jpg
29,26,6,5,24,21,No entry,train/17/00017_00020_00003.jpg
29,26,6,5,24,21,No entry,train/17/00017_00020_00004.jpg
30,29,5,5,25,24,No entry,train/17/00017_00020_00005.jpg
33,31,6,5,28,26,No entry,train/17/00017_00020_00006.jpg
33,31,6,5,28,26,No entry,train/17/00017_00020_00007.jpg
31,30,6,6,26,25,No entry,train/17/00017_00020_00008.jpg
30,30,5,6,25,25,No entry,train/17/00017_00020_00009.jpg
31,30,5,5,26,25,No entry,train/17/00017_00020_00010.jpg
34,33,6,6,29,28,No entry,train/17/00017_00020_00011.jpg
34,31,5,5,29,26,No entry,train/17/00017_00020_00012.jpg
35,33,6,6,30,28,No entry,train/17/00017_00020_00013.jpg
35,34,5,6,30,29,No entry,train/17/00017_00020_00014.jpg
37,36,5,6,32,31,No entry,train/17/00017_00020_00015.jpg
39,37,5,5,34,32,No entry,train/17/00017_00020_00016.jpg
45,41,6,5,40,36,No entry,train/17/00017_00020_00017.jpg
44,42,5,6,39,37,No entry,train/17/00017_00020_00018.jpg
45,42,6,6,40,37,No entry,train/17/00017_00020_00019.jpg
44,41,5,5,39,36,No entry,train/17/00017_00020_00020.jpg
47,44,6,6,42,39,No entry,train/17/00017_00020_00021.jpg
47,44,6,6,42,39,No entry,train/17/00017_00020_00022.jpg
50,48,6,6,45,43,No entry,train/17/00017_00020_00023.jpg
51,49,5,5,46,44,No entry,train/17/00017_00020_00024.jpg
55,51,6,6,50,46,No entry,train/17/00017_00020_00025.jpg
59,55,5,6,54,50,No entry,train/17/00017_00020_00026.jpg
59,54,5,5,54,49,No entry,train/17/00017_00020_00027.jpg
63,57,6,6,58,52,No entry,train/17/00017_00020_00028.jpg
75,61,6,6,69,56,No entry,train/17/00017_00020_00029.jpg
28,28,5,6,23,23,No entry,train/17/00017_00021_00000.jpg
29,28,5,5,24,23,No entry,train/17/00017_00021_00001.jpg
31,31,5,6,26,26,No entry,train/17/00017_00021_00002.jpg
31,30,6,5,26,25,No entry,train/17/00017_00021_00003.jpg
28,29,5,6,23,24,No entry,train/17/00017_00021_00004.jpg
30,31,5,6,25,26,No entry,train/17/00017_00021_00005.jpg
31,30,5,5,26,25,No entry,train/17/00017_00021_00006.jpg
34,33,5,5,29,28,No entry,train/17/00017_00021_00007.jpg
35,34,6,6,30,29,No entry,train/17/00017_00021_00008.jpg
35,33,6,5,30,28,No entry,train/17/00017_00021_00009.jpg
33,32,5,5,28,27,No entry,train/17/00017_00021_00010.jpg
37,36,6,6,32,31,No entry,train/17/00017_00021_00011.jpg
37,36,5,5,32,31,No entry,train/17/00017_00021_00012.jpg
36,34,6,5,31,29,No entry,train/17/00017_00021_00013.jpg
37,37,5,6,32,32,No entry,train/17/00017_00021_00014.jpg
40,39,5,6,35,34,No entry,train/17/00017_00021_00015.jpg
43,39,6,5,38,34,No entry,train/17/00017_00021_00016.jpg
43,41,5,6,38,36,No entry,train/17/00017_00021_00017.jpg
45,41,6,5,40,36,No entry,train/17/00017_00021_00018.jpg
46,42,5,5,41,37,No entry,train/17/00017_00021_00019.jpg
49,45,5,6,44,40,No entry,train/17/00017_00021_00020.jpg
50,45,5,5,45,40,No entry,train/17/00017_00021_00021.jpg
51,47,5,5,46,42,No entry,train/17/00017_00021_00022.jpg
56,51,6,5,51,46,No entry,train/17/00017_00021_00023.jpg
56,52,6,6,51,47,No entry,train/17/00017_00021_00024.jpg
58,54,6,6,53,49,No entry,train/17/00017_00021_00025.jpg
56,54,5,5,51,49,No entry,train/17/00017_00021_00026.jpg
62,58,6,5,57,53,No entry,train/17/00017_00021_00027.jpg
72,62,6,5,66,57,No entry,train/17/00017_00021_00028.jpg
77,70,7,7,71,64,No entry,train/17/00017_00021_00029.jpg
34,36,5,6,29,31,No entry,train/17/00017_00022_00000.jpg
35,36,5,5,30,31,No entry,train/17/00017_00022_00001.jpg
34,34,6,5,29,29,No entry,train/17/00017_00022_00002.jpg
36,37,6,6,31,32,No entry,train/17/00017_00022_00003.jpg
36,37,6,6,31,32,No entry,train/17/00017_00022_00004.jpg
36,38,5,6,31,33,No entry,train/17/00017_00022_00005.jpg
38,40,5,6,33,35,No entry,train/17/00017_00022_00006.jpg
38,39,5,5,33,34,No entry,train/17/00017_00022_00007.jpg
40,39,6,5,35,34,No entry,train/17/00017_00022_00008.jpg
42,41,6,5,37,36,No entry,train/17/00017_00022_00009.jpg
43,43,6,6,38,38,No entry,train/17/00017_00022_00010.jpg
43,43,6,5,38,38,No entry,train/17/00017_00022_00011.jpg
45,44,6,5,40,39,No entry,train/17/00017_00022_00012.jpg
46,45,6,5,41,40,No entry,train/17/00017_00022_00013.jpg
49,48,6,5,44,43,No entry,train/17/00017_00022_00014.jpg
49,49,6,6,44,44,No entry,train/17/00017_00022_00015.jpg
51,51,6,6,46,46,No entry,train/17/00017_00022_00016.jpg
49,49,5,5,44,44,No entry,train/17/00017_00022_00017.jpg
53,52,6,5,48,47,No entry,train/17/00017_00022_00018.jpg
56,55,6,5,51,50,No entry,train/17/00017_00022_00019.jpg
55,57,5,6,50,52,No entry,train/17/00017_00022_00020.jpg
59,61,5,6,54,56,No entry,train/17/00017_00022_00021.jpg
62,62,5,5,57,57,No entry,train/17/00017_00022_00022.jpg
64,64,5,5,59,59,No entry,train/17/00017_00022_00023.jpg
71,71,6,7,65,65,No entry,train/17/00017_00022_00024.jpg
74,73,7,6,68,67,No entry,train/17/00017_00022_00025.jpg
86,82,8,7,79,75,No entry,train/17/00017_00022_00026.jpg
93,92,9,9,85,84,No entry,train/17/00017_00022_00027.jpg
101,99,9,8,93,91,No entry,train/17/00017_00022_00028.jpg
111,109,9,9,102,100,No entry,train/17/00017_00022_00029.jpg
26,26,6,5,21,21,No entry,train/17/00017_00023_00000.jpg
27,28,6,5,22,22,No entry,train/17/00017_00023_00001.jpg
27,29,5,6,22,24,No entry,train/17/00017_00023_00002.jpg
29,31,6,6,24,25,No entry,train/17/00017_00023_00003.jpg
30,31,6,6,25,26,No entry,train/17/00017_00023_00004.jpg
29,31,5,6,24,26,No entry,train/17/00017_00023_00005.jpg
30,31,6,6,25,26,No entry,train/17/00017_00023_00006.jpg
31,31,6,5,26,26,No entry,train/17/00017_00023_00007.jpg
32,31,6,5,26,26,No entry,train/17/00017_00023_00008.jpg
31,34,5,6,26,28,No entry,train/17/00017_00023_00009.jpg
32,34,5,6,26,28,No entry,train/17/00017_00023_00010.jpg
33,33,5,5,27,28,No entry,train/17/00017_00023_00011.jpg
34,34,6,5,29,29,No entry,train/17/00017_00023_00012.jpg
35,35,5,5,29,30,No entry,train/17/00017_00023_00013.jpg
35,37,5,6,30,32,No entry,train/17/00017_00023_00014.jpg
37,37,6,5,32,32,No entry,train/17/00017_00023_00015.jpg
37,38,5,6,31,33,No entry,train/17/00017_00023_00016.jpg
37,38,5,5,32,33,No entry,train/17/00017_00023_00017.jpg
38,39,5,5,33,34,No entry,train/17/00017_00023_00018.jpg
39,41,5,6,34,36,No entry,train/17/00017_00023_00019.jpg
41,41,5,5,35,36,No entry,train/17/00017_00023_00020.jpg
43,43,6,5,38,38,No entry,train/17/00017_00023_00021.jpg
44,44,6,5,39,39,No entry,train/17/00017_00023_00022.jpg
46,47,6,6,40,42,No entry,train/17/00017_00023_00023.jpg
46,48,5,5,41,43,No entry,train/17/00017_00023_00024.jpg
47,50,5,6,42,45,No entry,train/17/00017_00023_00025.jpg
50,53,5,6,44,47,No entry,train/17/00017_00023_00026.jpg
52,55,6,6,47,50,No entry,train/17/00017_00023_00027.jpg
56,58,6,5,51,53,No entry,train/17/00017_00023_00028.jpg
59,62,6,6,54,57,No entry,train/17/00017_00023_00029.jpg
29,28,6,6,24,23,No entry,train/17/00017_00024_00000.jpg
28,28,5,6,23,23,No entry,train/17/00017_00024_00001.jpg
29,28,5,5,24,23,No entry,train/17/00017_00024_00002.jpg
31,31,5,5,26,26,No entry,train/17/00017_00024_00003.jpg
32,33,5,5,27,28,No entry,train/17/00017_00024_00004.jpg
33,34,6,6,28,29,No entry,train/17/00017_00024_00005.jpg
32,33,5,5,27,28,No entry,train/17/00017_00024_00006.jpg
32,34,5,6,27,29,No entry,train/17/00017_00024_00007.jpg
33,35,6,6,28,29,No entry,train/17/00017_00024_00008.jpg
33,35,5,6,27,30,No entry,train/17/00017_00024_00009.jpg
32,35,5,6,27,30,No entry,train/17/00017_00024_00010.jpg
33,37,5,6,28,31,No entry,train/17/00017_00024_00011.jpg
34,36,5,5,29,31,No entry,train/17/00017_00024_00012.jpg
36,39,5,5,31,33,No entry,train/17/00017_00024_00013.jpg
38,40,5,5,33,35,No entry,train/17/00017_00024_00014.jpg
40,42,6,6,35,37,No entry,train/17/00017_00024_00015.jpg
39,41,5,5,34,36,No entry,train/17/00017_00024_00016.jpg
41,43,6,6,36,38,No entry,train/17/00017_00024_00017.jpg
42,45,5,5,37,39,No entry,train/17/00017_00024_00018.jpg
46,47,5,5,40,42,No entry,train/17/00017_00024_00019.jpg
49,51,6,5,44,45,No entry,train/17/00017_00024_00020.jpg
50,55,5,6,45,49,No entry,train/17/00017_00024_00021.jpg
55,59,5,6,49,53,No entry,train/17/00017_00024_00022.jpg
59,63,5,6,53,58,No entry,train/17/00017_00024_00023.jpg
64,71,5,7,58,64,No entry,train/17/00017_00024_00024.jpg
70,75,6,6,64,69,No entry,train/17/00017_00024_00025.jpg
80,86,8,8,73,78,No entry,train/17/00017_00024_00026.jpg
89,96,7,8,81,88,No entry,train/17/00017_00024_00027.jpg
105,111,10,10,96,102,No entry,train/17/00017_00024_00028.jpg
120,127,11,11,109,116,No entry,train/17/00017_00024_00029.jpg
36,37,5,6,31,32,No entry,train/17/00017_00025_00000.jpg
37,38,5,6,32,33,No entry,train/17/00017_00025_00001.jpg
37,38,5,6,32,33,No entry,train/17/00017_00025_00002.jpg
37,38,5,6,32,33,No entry,train/17/00017_00025_00003.jpg
37,39,5,6,32,33,No entry,train/17/00017_00025_00004.jpg
38,39,5,6,33,34,No entry,train/17/00017_00025_00005.jpg
38,39,5,6,33,34,No entry,train/17/00017_00025_00006.jpg
38,39,5,6,33,34,No entry,train/17/00017_00025_00007.jpg
40,40,6,6,34,34,No entry,train/17/00017_00025_00008.jpg
40,41,6,6,35,36,No entry,train/17/00017_00025_00009.jpg
39,40,5,5,34,35,No entry,train/17/00017_00025_00010.jpg
40,42,5,6,35,37,No entry,train/17/00017_00025_00011.jpg
41,41,6,5,36,36,No entry,train/17/00017_00025_00012.jpg
42,42,6,5,37,37,No entry,train/17/00017_00025_00013.jpg
43,43,6,5,37,37,No entry,train/17/00017_00025_00014.jpg
43,44,5,5,38,39,No entry,train/17/00017_00025_00015.jpg
43,45,5,6,38,40,No entry,train/17/00017_00025_00016.jpg
44,45,5,5,39,40,No entry,train/17/00017_00025_00017.jpg
44,45,5,5,39,40,No entry,train/17/00017_00025_00018.jpg
44,46,5,6,39,41,No entry,train/17/00017_00025_00019.jpg
45,45,6,5,40,40,No entry,train/17/00017_00025_00020.jpg
45,47,5,6,40,42,No entry,train/17/00017_00025_00021.jpg
46,48,5,6,41,43,No entry,train/17/00017_00025_00022.jpg
46,49,5,6,41,44,No entry,train/17/00017_00025_00023.jpg
47,49,5,5,42,44,No entry,train/17/00017_00025_00024.jpg
48,51,5,5,43,46,No entry,train/17/00017_00025_00025.jpg
50,51,6,6,45,46,No entry,train/17/00017_00025_00026.jpg
52,53,6,6,47,48,No entry,train/17/00017_00025_00027.jpg
51,52,5,5,46,47,No entry,train/17/00017_00025_00028.jpg
52,52,5,5,47,47,No entry,train/17/00017_00025_00029.jpg
28,28,6,6,23,23,No entry,train/17/00017_00026_00000.jpg
28,29,5,6,23,24,No entry,train/17/00017_00026_00001.jpg
29,28,6,5,24,23,No entry,train/17/00017_00026_00002.jpg
28,29,5,6,23,24,No entry,train/17/00017_00026_00003.jpg
28,30,5,6,23,25,No entry,train/17/00017_00026_00004.jpg
29,29,6,6,24,24,No entry,train/17/00017_00026_00005.jpg
28,29,5,6,22,24,No entry,train/17/00017_00026_00006.jpg
27,30,5,6,22,25,No entry,train/17/00017_00026_00007.jpg
27,29,5,5,22,24,No entry,train/17/00017_00026_00008.jpg
28,30,6,6,23,25,No entry,train/17/00017_00026_00009.jpg
29,30,6,6,23,25,No entry,train/17/00017_00026_00010.jpg
29,31,5,5,23,25,No entry,train/17/00017_00026_00011.jpg
30,31,6,5,25,26,No entry,train/17/00017_00026_00012.jpg
30,31,6,5,25,26,No entry,train/17/00017_00026_00013.jpg
31,33,6,6,26,28,No entry,train/17/00017_00026_00014.jpg
30,34,5,6,25,28,No entry,train/17/00017_00026_00015.jpg
32,35,5,6,27,30,No entry,train/17/00017_00026_00016.jpg
32,35,5,6,27,30,No entry,train/17/00017_00026_00017.jpg
33,35,5,5,28,30,No entry,train/17/00017_00026_00018.jpg
34,35,6,5,29,30,No entry,train/17/00017_00026_00019.jpg
33,36,5,6,28,31,No entry,train/17/00017_00026_00020.jpg
33,36,5,6,28,31,No entry,train/17/00017_00026_00021.jpg
34,35,6,5,29,30,No entry,train/17/00017_00026_00022.jpg
34,36,5,6,29,31,No entry,train/17/00017_00026_00023.jpg
35,37,5,6,30,32,No entry,train/17/00017_00026_00024.jpg
34,36,5,6,29,31,No entry,train/17/00017_00026_00025.jpg
36,37,6,6,30,31,No entry,train/17/00017_00026_00026.jpg
36,38,5,6,31,33,No entry,train/17/00017_00026_00027.jpg
38,39,6,5,33,33,No entry,train/17/00017_00026_00028.jpg
39,40,6,6,34,35,No entry,train/17/00017_00026_00029.jpg
27,25,6,5,22,20,No entry,train/17/00017_00027_00000.jpg
27,27,6,6,21,22,No entry,train/17/00017_00027_00001.jpg
28,28,6,6,22,23,No entry,train/17/00017_00027_00002.jpg
27,29,5,6,22,24,No entry,train/17/00017_00027_00003.jpg
29,29,6,5,24,24,No entry,train/17/00017_00027_00004.jpg
30,29,6,5,24,24,No entry,train/17/00017_00027_00005.jpg
30,31,5,6,25,26,No entry,train/17/00017_00027_00006.jpg
31,31,6,5,26,26,No entry,train/17/00017_00027_00007.jpg
31,31,6,5,26,26,No entry,train/17/00017_00027_00008.jpg
32,33,6,6,27,28,No entry,train/17/00017_00027_00009.jpg
31,33,5,6,26,27,No entry,train/17/00017_00027_00010.jpg
33,34,6,6,28,29,No entry,train/17/00017_00027_00011.jpg
34,35,5,5,29,30,No entry,train/17/00017_00027_00012.jpg
37,36,5,5,31,31,No entry,train/17/00017_00027_00013.jpg
38,39,5,6,32,33,No entry,train/17/00017_00027_00014.jpg
38,38,5,5,33,33,No entry,train/17/00017_00027_00015.jpg
37,38,5,5,32,33,No entry,train/17/00017_00027_00016.jpg
40,40,6,5,34,35,No entry,train/17/00017_00027_00017.jpg
40,45,5,6,35,39,No entry,train/17/00017_00027_00018.jpg
44,47,6,6,39,42,No entry,train/17/00017_00027_00019.jpg
47,49,6,5,42,44,No entry,train/17/00017_00027_00020.jpg
48,52,5,6,43,47,No entry,train/17/00017_00027_00021.jpg
53,55,5,6,48,50,No entry,train/17/00017_00027_00022.jpg
58,58,6,5,53,53,No entry,train/17/00017_00027_00023.jpg
61,62,5,5,55,56,No entry,train/17/00017_00027_00024.jpg
69,70,6,6,62,63,No entry,train/17/00017_00027_00025.jpg
72,77,7,7,66,71,No entry,train/17/00017_00027_00026.jpg
78,88,7,7,71,80,No entry,train/17/00017_00027_00027.jpg
89,101,8,9,82,93,No entry,train/17/00017_00027_00028.jpg
100,116,8,11,92,106,No entry,train/17/00017_00027_00029.jpg
34,36,5,6,29,31,No entry,train/17/00017_00028_00000.jpg
34,35,6,5,29,30,No entry,train/17/00017_00028_00001.jpg
34,34,6,5,29,29,No entry,train/17/00017_00028_00002.jpg
33,35,5,6,28,30,No entry,train/17/00017_00028_00003.jpg
34,35,5,5,29,30,No entry,train/17/00017_00028_00004.jpg
37,37,6,5,32,32,No entry,train/17/00017_00028_00005.jpg
38,39,5,6,33,34,No entry,train/17/00017_00028_00006.jpg
38,38,6,5,33,33,No entry,train/17/00017_00028_00007.jpg
39,40,6,5,34,35,No entry,train/17/00017_00028_00008.jpg
39,40,6,6,34,35,No entry,train/17/00017_00028_00009.jpg
40,41,6,6,35,36,No entry,train/17/00017_00028_00010.jpg
40,41,5,6,35,36,No entry,train/17/00017_00028_00011.jpg
41,41,5,5,36,36,No entry,train/17/00017_00028_00012.jpg
42,42,6,5,37,37,No entry,train/17/00017_00028_00013.jpg
42,42,6,5,37,37,No entry,train/17/00017_00028_00014.jpg
44,44,6,5,39,39,No entry,train/17/00017_00028_00015.jpg
43,47,5,6,38,42,No entry,train/17/00017_00028_00016.jpg
46,47,6,6,41,42,No entry,train/17/00017_00028_00017.jpg
48,49,6,5,43,44,No entry,train/17/00017_00028_00018.jpg
50,50,6,5,45,45,No entry,train/17/00017_00028_00019.jpg
51,52,6,6,46,47,No entry,train/17/00017_00028_00020.jpg
52,52,6,5,47,47,No entry,train/17/00017_00028_00021.jpg
55,56,6,6,50,51,No entry,train/17/00017_00028_00022.jpg
56,58,5,6,51,53,No entry,train/17/00017_00028_00023.jpg
60,60,6,5,55,55,No entry,train/17/00017_00028_00024.jpg
59,61,5,6,54,56,No entry,train/17/00017_00028_00025.jpg
63,64,5,5,58,59,No entry,train/17/00017_00028_00026.jpg
69,71,6,6,63,65,No entry,train/17/00017_00028_00027.jpg
70,75,6,6,64,69,No entry,train/17/00017_00028_00028.jpg
76,83,7,8,70,76,No entry,train/17/00017_00028_00029.jpg
25,28,5,5,20,22,No entry,train/17/00017_00029_00000.jpg
26,29,6,6,21,23,No entry,train/17/00017_00029_00001.jpg
26,29,5,6,21,24,No entry,train/17/00017_00029_00002.jpg
27,29,5,5,22,24,No entry,train/17/00017_00029_00003.jpg
28,30,5,5,22,24,No entry,train/17/00017_00029_00004.jpg
28,31,5,5,23,25,No entry,train/17/00017_00029_00005.jpg
30,32,6,6,25,27,No entry,train/17/00017_00029_00006.jpg
30,33,6,6,25,27,No entry,train/17/00017_00029_00007.jpg
30,32,6,5,25,26,No entry,train/17/00017_00029_00008.jpg
30,33,5,6,25,28,No entry,train/17/00017_00029_00009.jpg
32,33,6,5,26,27,No entry,train/17/00017_00029_00010.jpg
32,35,6,6,27,29,No entry,train/17/00017_00029_00011.jpg
33,35,6,6,28,30,No entry,train/17/00017_00029_00012.jpg
34,35,6,6,28,30,No entry,train/17/00017_00029_00013.jpg
34,37,5,6,28,31,No entry,train/17/00017_00029_00014.jpg
34,38,5,6,28,32,No entry,train/17/00017_00029_00015.jpg
34,37,5,5,29,32,No entry,train/17/00017_00029_00016.jpg
35,39,5,6,29,33,No entry,train/17/00017_00029_00017.jpg
36,38,6,5,30,32,No entry,train/17/00017_00029_00018.jpg
37,40,6,6,32,35,No entry,train/17/00017_00029_00019.jpg
38,41,6,6,33,36,No entry,train/17/00017_00029_00020.jpg
39,42,6,5,34,36,No entry,train/17/00017_00029_00021.jpg
39,42,5,5,34,37,No entry,train/17/00017_00029_00022.jpg
41,45,5,6,36,40,No entry,train/17/00017_00029_00023.jpg
42,45,6,5,37,39,No entry,train/17/00017_00029_00024.jpg
44,46,6,5,38,41,No entry,train/17/00017_00029_00025.jpg
44,47,5,5,38,42,No entry,train/17/00017_00029_00026.jpg
45,50,5,6,40,45,No entry,train/17/00017_00029_00027.jpg
47,50,6,5,42,45,No entry,train/17/00017_00029_00028.jpg
49,52,6,5,44,47,No entry,train/17/00017_00029_00029.jpg
41,43,6,6,36,38,No entry,train/17/00017_00030_00000.jpg
42,43,6,6,36,38,No entry,train/17/00017_00030_00001.jpg
41,44,5,6,36,39,No entry,train/17/00017_00030_00002.jpg
42,44,5,5,37,39,No entry,train/17/00017_00030_00003.jpg
43,46,5,6,38,41,No entry,train/17/00017_00030_00004.jpg
45,46,6,5,40,41,No entry,train/17/00017_00030_00005.jpg
45,48,5,6,39,42,No entry,train/17/00017_00030_00006.jpg
47,47,6,5,41,42,No entry,train/17/00017_00030_00007.jpg
47,48,6,5,42,43,No entry,train/17/00017_00030_00008.jpg
47,50,5,6,42,45,No entry,train/17/00017_00030_00009.jpg
48,51,5,6,43,46,No entry,train/17/00017_00030_00010.jpg
49,51,6,6,44,46,No entry,train/17/00017_00030_00011.jpg
49,52,5,6,43,47,No entry,train/17/00017_00030_00012.jpg
51,53,6,5,46,48,No entry,train/17/00017_00030_00013.jpg
51,54,6,5,46,49,No entry,train/17/00017_00030_00014.jpg
52,55,6,5,47,50,No entry,train/17/00017_00030_00015.jpg
52,56,6,6,47,51,No entry,train/17/00017_00030_00016.jpg
52,56,6,6,47,51,No entry,train/17/00017_00030_00017.jpg
52,56,5,6,46,51,No entry,train/17/00017_00030_00018.jpg
53,56,6,5,48,50,No entry,train/17/00017_00030_00019.jpg
53,57,5,5,47,51,No entry,train/17/00017_00030_00020.jpg
54,57,6,5,49,52,No entry,train/17/00017_00030_00021.jpg
56,59,6,5,51,53,No entry,train/17/00017_00030_00022.jpg
57,61,5,6,51,56,No entry,train/17/00017_00030_00023.jpg
58,62,5,5,53,57,No entry,train/17/00017_00030_00024.jpg
58,64,5,6,53,58,No entry,train/17/00017_00030_00025.jpg
59,65,6,6,54,59,No entry,train/17/00017_00030_00026.jpg
59,68,5,7,53,62,No entry,train/17/00017_00030_00027.jpg
61,70,5,6,56,64,No entry,train/17/00017_00030_00028.jpg
63,73,5,6,58,66,No entry,train/17/00017_00030_00029.jpg
25,29,5,6,20,24,No entry,train/17/00017_00031_00000.jpg
25,28,5,5,20,23,No entry,train/17/00017_00031_00001.jpg
26,30,5,6,21,25,No entry,train/17/00017_00031_00002.jpg
27,31,6,6,22,25,No entry,train/17/00017_00031_00003.jpg
28,31,5,6,22,26,No entry,train/17/00017_00031_00004.jpg
30,32,6,5,24,26,No entry,train/17/00017_00031_00005.jpg
30,34,5,6,25,29,No entry,train/17/00017_00031_00006.jpg
32,36,6,6,27,31,No entry,train/17/00017_00031_00007.jpg
32,33,5,5,27,28,No entry,train/17/00017_00031_00008.jpg
34,35,5,5,28,30,No entry,train/17/00017_00031_00009.jpg
35,37,6,5,29,31,No entry,train/17/00017_00031_00010.jpg
35,38,6,5,30,33,No entry,train/17/00017_00031_00011.jpg
34,38,5,5,29,33,No entry,train/17/00017_00031_00012.jpg
37,38,5,5,32,33,No entry,train/17/00017_00031_00013.jpg
38,42,5,6,33,37,No entry,train/17/00017_00031_00014.jpg
40,42,6,5,34,36,No entry,train/17/00017_00031_00015.jpg
40,43,6,5,35,37,No entry,train/17/00017_00031_00016.jpg
41,43,6,5,36,38,No entry,train/17/00017_00031_00017.jpg
42,45,6,6,37,40,No entry,train/17/00017_00031_00018.jpg
43,45,6,5,37,39,No entry,train/17/00017_00031_00019.jpg
42,45,5,5,36,39,No entry,train/17/00017_00031_00020.jpg
43,46,6,6,38,41,No entry,train/17/00017_00031_00021.jpg
43,47,6,6,38,41,No entry,train/17/00017_00031_00022.jpg
44,48,6,6,38,42,No entry,train/17/00017_00031_00023.jpg
43,49,5,6,38,43,No entry,train/17/00017_00031_00024.jpg
44,49,5,5,39,43,No entry,train/17/00017_00031_00025.jpg
45,49,5,5,40,44,No entry,train/17/00017_00031_00026.jpg
46,50,5,5,41,45,No entry,train/17/00017_00031_00027.jpg
48,52,6,6,43,47,No entry,train/17/00017_00031_00028.jpg
49,52,6,5,44,47,No entry,train/17/00017_00031_00029.jpg
27,28,6,6,22,23,No entry,train/17/00017_00032_00000.jpg
26,28,5,6,21,23,No entry,train/17/00017_00032_00001.jpg
27,28,6,6,22,23,No entry,train/17/00017_00032_00002.jpg
27,28,6,5,22,23,No entry,train/17/00017_00032_00003.jpg
28,29,5,5,23,24,No entry,train/17/00017_00032_00004.jpg
28,30,5,6,23,25,No entry,train/17/00017_00032_00005.jpg
28,30,5,6,23,25,No entry,train/17/00017_00032_00006.jpg
29,29,6,5,24,24,No entry,train/17/00017_00032_00007.jpg
30,31,6,5,25,26,No entry,train/17/00017_00032_00008.jpg
29,31,5,5,24,26,No entry,train/17/00017_00032_00009.jpg
33,33,5,6,28,28,No entry,train/17/00017_00032_00010.jpg
34,33,6,6,29,28,No entry,train/17/00017_00032_00011.jpg
33,32,5,5,28,27,No entry,train/17/00017_00032_00012.jpg
33,33,5,6,28,28,No entry,train/17/00017_00032_00013.jpg
34,35,6,5,29,30,No entry,train/17/00017_00032_00014.jpg
33,34,5,5,28,29,No entry,train/17/00017_00032_00015.jpg
34,34,6,5,29,29,No entry,train/17/00017_00032_00016.jpg
35,38,6,6,30,33,No entry,train/17/00017_00032_00017.jpg
34,39,5,6,29,34,No entry,train/17/00017_00032_00018.jpg
35,38,6,5,30,33,No entry,train/17/00017_00032_00019.jpg
34,38,5,5,29,33,No entry,train/17/00017_00032_00020.jpg
34,39,5,6,29,34,No entry,train/17/00017_00032_00021.jpg
36,39,5,5,31,34,No entry,train/17/00017_00032_00022.jpg
37,42,6,6,32,37,No entry,train/17/00017_00032_00023.jpg
36,41,5,5,31,36,No entry,train/17/00017_00032_00024.jpg
39,42,5,5,34,37,No entry,train/17/00017_00032_00025.jpg
40,43,6,6,35,38,No entry,train/17/00017_00032_00026.jpg
41,43,5,6,36,38,No entry,train/17/00017_00032_00027.jpg
45,47,6,5,40,42,No entry,train/17/00017_00032_00028.jpg
46,49,5,6,41,44,No entry,train/17/00017_00032_00029.jpg
27,29,6,6,22,24,No entry,train/17/00017_00033_00000.jpg
26,28,5,5,21,23,No entry,train/17/00017_00033_00001.jpg
27,29,6,6,22,24,No entry,train/17/00017_00033_00002.jpg
27,28,6,5,22,23,No entry,train/17/00017_00033_00003.jpg
28,30,6,6,23,25,No entry,train/17/00017_00033_00004.jpg
27,28,6,5,22,23,No entry,train/17/00017_00033_00005.jpg
28,29,6,5,23,24,No entry,train/17/00017_00033_00006.jpg
28,29,6,6,23,24,No entry,train/17/00017_00033_00007.jpg
29,29,6,5,24,24,No entry,train/17/00017_00033_00008.jpg
28,29,5,5,23,24,No entry,train/17/00017_00033_00009.jpg
29,31,5,6,24,26,No entry,train/17/00017_00033_00010.jpg
29,30,5,5,24,25,No entry,train/17/00017_00033_00011.jpg
29,31,5,6,24,26,No entry,train/17/00017_00033_00012.jpg
30,31,5,5,25,26,No entry,train/17/00017_00033_00013.jpg
30,31,5,5,25,26,No entry,train/17/00017_00033_00014.jpg
31,31,6,5,26,26,No entry,train/17/00017_00033_00015.jpg
31,33,5,6,26,28,No entry,train/17/00017_00033_00016.jpg
32,34,5,6,27,29,No entry,train/17/00017_00033_00017.jpg
33,33,6,5,28,28,No entry,train/17/00017_00033_00018.jpg
32,34,5,6,27,29,No entry,train/17/00017_00033_00019.jpg
35,36,5,6,30,31,No entry,train/17/00017_00033_00020.jpg
35,36,5,6,30,31,No entry,train/17/00017_00033_00021.jpg
35,36,5,6,30,31,No entry,train/17/00017_00033_00022.jpg
34,35,5,6,29,30,No entry,train/17/00017_00033_00023.jpg
35,36,5,6,30,31,No entry,train/17/00017_00033_00024.jpg
37,37,5,5,32,32,No entry,train/17/00017_00033_00025.jpg
39,40,6,5,34,35,No entry,train/17/00017_00033_00026.jpg
40,41,6,5,35,36,No entry,train/17/00017_00033_00027.jpg
41,43,5,5,36,38,No entry,train/17/00017_00033_00028.jpg
42,44,5,5,37,39,No entry,train/17/00017_00033_00029.jpg
27,27,6,6,22,22,No entry,train/17/00017_00034_00000.jpg
27,27,5,5,22,22,No entry,train/17/00017_00034_00001.jpg
26,26,5,5,21,21,No entry,train/17/00017_00034_00002.jpg
26,26,5,5,21,21,No entry,train/17/00017_00034_00003.jpg
29,30,6,6,24,25,No entry,train/17/00017_00034_00004.jpg
28,30,5,6,23,25,No entry,train/17/00017_00034_00005.jpg
29,31,6,6,24,26,No entry,train/17/00017_00034_00006.jpg
29,31,5,6,24,26,No entry,train/17/00017_00034_00007.jpg
31,30,6,5,26,25,No entry,train/17/00017_00034_00008.jpg
31,31,6,5,26,26,No entry,train/17/00017_00034_00009.jpg
30,33,5,6,25,28,No entry,train/17/00017_00034_00010.jpg
31,35,5,6,26,30,No entry,train/17/00017_00034_00011.jpg
32,35,5,6,27,30,No entry,train/17/00017_00034_00012.jpg
34,36,6,6,29,31,No entry,train/17/00017_00034_00013.jpg
34,37,5,6,29,32,No entry,train/17/00017_00034_00014.jpg
36,39,5,6,31,34,No entry,train/17/00017_00034_00015.jpg
36,39,5,6,31,34,No entry,train/17/00017_00034_00016.jpg
39,41,6,6,34,36,No entry,train/17/00017_00034_00017.jpg
39,41,6,6,34,36,No entry,train/17/00017_00034_00018.jpg
40,42,6,5,35,37,No entry,train/17/00017_00034_00019.jpg
41,43,6,6,36,38,No entry,train/17/00017_00034_00020.jpg
43,46,5,5,38,41,No entry,train/17/00017_00034_00021.jpg
44,48,5,6,39,43,No entry,train/17/00017_00034_00022.jpg
46,50,5,6,41,45,No entry,train/17/00017_00034_00023.jpg
50,54,5,6,45,49,No entry,train/17/00017_00034_00024.jpg
52,55,5,5,47,50,No entry,train/17/00017_00034_00025.jpg
55,60,5,5,50,55,No entry,train/17/00017_00034_00026.jpg
60,64,6,5,55,59,No entry,train/17/00017_00034_00027.jpg
63,71,5,6,58,65,No entry,train/17/00017_00034_00028.jpg
71,80,6,8,65,73,No entry,train/17/00017_00034_00029.jpg
26,26,5,5,21,21,No entry,train/17/00017_00035_00000.jpg
27,26,6,5,22,21,No entry,train/17/00017_00035_00001.jpg
27,26,6,5,22,21,No entry,train/17/00017_00035_00002.jpg
26,26,5,5,21,21,No entry,train/17/00017_00035_00003.jpg
27,28,5,6,22,23,No entry,train/17/00017_00035_00004.jpg
27,27,5,5,22,22,No entry,train/17/00017_00035_00005.jpg
28,29,5,6,23,24,No entry,train/17/00017_00035_00006.jpg
28,29,5,6,23,24,No entry,train/17/00017_00035_00007.jpg
28,28,6,6,23,23,No entry,train/17/00017_00035_00008.jpg
28,28,5,5,23,23,No entry,train/17/00017_00035_00009.jpg
30,30,6,6,25,25,No entry,train/17/00017_00035_00010.jpg
30,30,6,6,25,25,No entry,train/17/00017_00035_00011.jpg
31,30,6,5,26,25,No entry,train/17/00017_00035_00012.jpg
30,30,5,5,25,25,No entry,train/17/00017_00035_00013.jpg
31,31,6,6,26,26,No entry,train/17/00017_00035_00014.jpg
30,31,5,5,25,26,No entry,train/17/00017_00035_00015.jpg
30,31,5,5,25,26,No entry,train/17/00017_00035_00016.jpg
31,32,6,6,26,27,No entry,train/17/00017_00035_00017.jpg
32,33,6,6,27,28,No entry,train/17/00017_00035_00018.jpg
32,33,5,5,27,28,No entry,train/17/00017_00035_00019.jpg
34,34,6,5,29,29,No entry,train/17/00017_00035_00020.jpg
33,34,5,5,28,29,No entry,train/17/00017_00035_00021.jpg
34,34,6,5,29,29,No entry,train/17/00017_00035_00022.jpg
35,35,6,5,30,30,No entry,train/17/00017_00035_00023.jpg
35,35,6,5,30,30,No entry,train/17/00017_00035_00024.jpg
37,38,6,6,32,33,No entry,train/17/00017_00035_00025.jpg
37,38,6,6,32,33,No entry,train/17/00017_00035_00026.jpg
38,39,5,5,33,34,No entry,train/17/00017_00035_00027.jpg
38,40,5,6,33,35,No entry,train/17/00017_00035_00028.jpg
38,39,5,5,33,34,No entry,train/17/00017_00035_00029.jpg
26,30,5,5,21,25,No entry,train/17/00017_00036_00000.jpg
26,31,5,5,21,26,No entry,train/17/00017_00036_00001.jpg
26,31,5,5,21,26,No entry,train/17/00017_00036_00002.jpg
27,31,6,5,22,26,No entry,train/17/00017_00036_00003.jpg
26,32,5,6,21,27,No entry,train/17/00017_00036_00004.jpg
26,32,5,6,21,27,No entry,train/17/00017_00036_00005.jpg
27,31,6,5,22,26,No entry,train/17/00017_00036_00006.jpg
26,32,5,5,21,27,No entry,train/17/00017_00036_00007.jpg
26,32,5,5,21,27,No entry,train/17/00017_00036_00008.jpg
27,32,6,6,22,27,No entry,train/17/00017_00036_00009.jpg
27,33,5,5,22,28,No entry,train/17/00017_00036_00010.jpg
27,33,5,5,22,28,No entry,train/17/00017_00036_00011.jpg
29,35,6,6,24,30,No entry,train/17/00017_00036_00012.jpg
30,35,6,6,25,30,No entry,train/17/00017_00036_00013.jpg
30,35,6,6,25,30,No entry,train/17/00017_00036_00014.jpg
29,36,6,6,24,31,No entry,train/17/00017_00036_00015.jpg
29,35,6,5,24,30,No entry,train/17/00017_00036_00016.jpg
28,35,6,6,23,30,No entry,train/17/00017_00036_00017.jpg
26,35,5,6,21,30,No entry,train/17/00017_00036_00018.jpg
27,37,6,6,22,32,No entry,train/17/00017_00036_00019.jpg
28,36,6,5,23,31,No entry,train/17/00017_00036_00020.jpg
27,36,5,5,22,31,No entry,train/17/00017_00036_00021.jpg
27,37,5,6,22,32,No entry,train/17/00017_00036_00022.jpg
28,37,5,5,23,32,No entry,train/17/00017_00036_00023.jpg
30,37,6,5,25,32,No entry,train/17/00017_00036_00024.jpg
30,38,6,5,25,33,No entry,train/17/00017_00036_00025.jpg
30,38,5,5,25,33,No entry,train/17/00017_00036_00026.jpg
31,39,6,6,26,34,No entry,train/17/00017_00036_00027.jpg
30,39,6,6,25,34,No entry,train/17/00017_00036_00028.jpg
35,41,6,6,30,36,No entry,train/17/00017_00036_00029.jpg
